linked_person,target
Albert Camus,Gabriela Mistral
Anatole France,Gabriela Mistral
André Gide,Gabriela Mistral
Aleksandr Solzhenitsyn,Gabriela Mistral
Alexander Fleming,Gabriela Mistral
April 7,Gabriela Mistral
Bertrand Russell,Gabriela Mistral
Boris Pasternak,Gabriela Mistral
Chile,Gabriela Mistral
Czesław Miłosz,Gabriela Mistral
Derek Walcott,Gabriela Mistral
Ernest Hemingway,Gabriela Mistral
Elias Canetti,Gabriela Mistral
Frans Eemil Sillanpää,Gabriela Mistral
George Bernard Shaw,Gabriela Mistral
Giosuè Carducci,Gabriela Mistral
Grazia Deledda,Gabriela Mistral
Henryk Sienkiewicz,Gabriela Mistral
Henri Bergson,Gabriela Mistral
Hermann Hesse,Gabriela Mistral
Halldór Laxness,Gabriela Mistral
Isaac Bashevis Singer,Gabriela Mistral
John Steinbeck,Gabriela Mistral
January 10,Gabriela Mistral
Jean-Paul Sartre,Gabriela Mistral
John Adams (composer),Gabriela Mistral
Knut Hamsun,Gabriela Mistral
Latin America,Gabriela Mistral
Luigi Pirandello,Gabriela Mistral
Nicanor Parra,Gabriela Mistral
Naguib Mahfouz,Gabriela Mistral
Patrick White,Gabriela Mistral
Peter Handke,Gabriela Mistral
Rudyard Kipling,Gabriela Mistral
List of Spanish-language poets,Gabriela Mistral
Samuel Beckett,Gabriela Mistral
Saul Bellow,Gabriela Mistral
Sigrid Undset,Gabriela Mistral
Shmuel Yosef Agnon,Gabriela Mistral
Thomas Mann,Gabriela Mistral
T. S. Eliot,Gabriela Mistral
Winston Churchill,Gabriela Mistral
Władysław Reymont,Gabriela Mistral
Wisława Szymborska,Gabriela Mistral
W. B. Yeats,Gabriela Mistral
William Faulkner,Gabriela Mistral
Wole Soyinka,Gabriela Mistral
Wolfgang Pauli,Gabriela Mistral
William Golding,Gabriela Mistral
1957,Gabriela Mistral
1945,Gabriela Mistral
1889,Gabriela Mistral
John Galsworthy,Gabriela Mistral
Howard Florey,Gabriela Mistral
Toni Morrison,Gabriela Mistral
Gabriele D'Annunzio,Gabriela Mistral
José Saramago,Gabriela Mistral
Sinclair Lewis,Gabriela Mistral
Sully Prudhomme,Gabriela Mistral
Seamus Heaney,Gabriela Mistral
Ivo Andrić,Gabriela Mistral
Hispanic,Gabriela Mistral
Vicente Aleixandre,Gabriela Mistral
Jaroslav Seifert,Gabriela Mistral
List of poets,Gabriela Mistral
Johannes V. Jensen,Gabriela Mistral
Eugene O'Neill,Gabriela Mistral
Coquimbo Region,Gabriela Mistral
Verner von Heidenstam,Gabriela Mistral
Heinrich Böll,Gabriela Mistral
Kazuo Ishiguro,Gabriela Mistral
Theodor Mommsen,Gabriela Mistral
Doris Lessing,Gabriela Mistral
Harold Pinter,Gabriela Mistral
Stefan Zweig,Gabriela Mistral
Imre Kertész,Gabriela Mistral
Pär Lagerkvist,Gabriela Mistral
"Roslyn Harbor, New York",Gabriela Mistral
Culture of Chile,Gabriela Mistral
Xalapa,Gabriela Mistral
Odysseas Elytis,Gabriela Mistral
Giorgos Seferis,Gabriela Mistral
Isabel Allende,Gabriela Mistral
Maurice Maeterlinck,Gabriela Mistral
Octavio Paz,Gabriela Mistral
Mario Vargas Llosa,Gabriela Mistral
François Mauriac,Gabriela Mistral
Paul Heyse,Gabriela Mistral
Ivan Bunin,Gabriela Mistral
Pearl S. Buck,Gabriela Mistral
Artturi Ilmari Virtanen,Gabriela Mistral
Dario Fo,Gabriela Mistral
Nadine Gordimer,Gabriela Mistral
Eyvind Johnson,Gabriela Mistral
Bjørnstjerne Bjørnson,Gabriela Mistral
1914 in literature,Gabriela Mistral
José Martí,Gabriela Mistral
Gao Xingjian,Gabriela Mistral
1945 in literature,Gabriela Mistral
1952 in literature,Gabriela Mistral
1957 in literature,Gabriela Mistral
List of people on the postage stamps of Chile,Gabriela Mistral
Harry Martinson,Gabriela Mistral
1889 in literature,Gabriela Mistral
List of Chileans,Gabriela Mistral
Carlos Guastavino,Gabriela Mistral
Rudolf Christoph Eucken,Gabriela Mistral
Gerhart Hauptmann,Gabriela Mistral
José Echegaray,Gabriela Mistral
Romain Rolland,Gabriela Mistral
Karl Adolph Gjellerup,Gabriela Mistral
Carl Spitteler,Gabriela Mistral
Erik Axel Karlfeldt,Gabriela Mistral
Mikhail Sholokhov,Gabriela Mistral
Joseph Brodsky,Gabriela Mistral
Cordell Hull,Gabriela Mistral
Alice Munro,Gabriela Mistral
Yasunari Kawabata,Gabriela Mistral
Temuco,Gabriela Mistral
Camilo José Cela,Gabriela Mistral
Little Red Riding Hood,Gabriela Mistral
Eugenio Montale,Gabriela Mistral
Kenzaburō Ōe,Gabriela Mistral
Carlisle Floyd,Gabriela Mistral
Juan Ramón Jiménez,Gabriela Mistral
J. M. Coetzee,Gabriela Mistral
Claude Simon,Gabriela Mistral
Henrik Pontoppidan,Gabriela Mistral
Jacinto Benavente,Gabriela Mistral
Saint-John Perse,Gabriela Mistral
Nelly Sachs,Gabriela Mistral
List of craters on Mercury,Gabriela Mistral
List of Indigenous writers of the Americas,Gabriela Mistral
List of female poets,Gabriela Mistral
Orhan Pamuk,Gabriela Mistral
List of authors by name: M,Gabriela Mistral
Edison Denisov,Gabriela Mistral
Nâzım Hikmet,Gabriela Mistral
Nizar Qabbani,Gabriela Mistral
Victoria Ocampo,Gabriela Mistral
"Alerce, Chile",Gabriela Mistral
Louise Glück,Gabriela Mistral
University of Chile,Gabriela Mistral
Tala,Gabriela Mistral
List of astronomical objects named after people,Gabriela Mistral
List of Teachers' Days,Gabriela Mistral
List of Spanish-language authors,Gabriela Mistral
Ernst Chain,Gabriela Mistral
List of Columbia University people,Gabriela Mistral
Jon Fosse,Gabriela Mistral
Yehuda Amichai,Gabriela Mistral
J. M. G. Le Clézio,Gabriela Mistral
Forugh Farrokhzad,Gabriela Mistral
File:Chilean notes.jpg,Gabriela Mistral
Elfriede Jelinek,Gabriela Mistral
Mo Yan,Gabriela Mistral
Tomas Tranströmer,Gabriela Mistral
Military dictatorship of Chile,Gabriela Mistral
List of feminist poets,Gabriela Mistral
Dulce María Loynaz,Gabriela Mistral
List of Nobel laureates,Gabriela Mistral
Ewa Demarczyk,Gabriela Mistral
Pedro Aguirre Cerda,Gabriela Mistral
User:Charles Matthews/Eliot,Gabriela Mistral
Rosario Castellanos,Gabriela Mistral
Spanish poetry,Gabriela Mistral
Alberto Baeza Flores,Gabriela Mistral
Christian poetry,Gabriela Mistral
The Dinner Party,Gabriela Mistral
"Vicuña, Chile",Gabriela Mistral
List of Nobel laureates by country,Gabriela Mistral
Dušan Bogdanović,Gabriela Mistral
Arturo Prat,Gabriela Mistral
Elqui River,Gabriela Mistral
Lucila Godoy Alcayaga,Gabriela Mistral
Pita Amor,Gabriela Mistral
Alfonsina Storni,Gabriela Mistral
Delmira Agustini,Gabriela Mistral
Margot Arce de Vázquez,Gabriela Mistral
Hjalmar Gullberg,Gabriela Mistral
Ana Rosa Núñez,Gabriela Mistral
Maruja Mallo,Gabriela Mistral
Lucilla Godoy de Alcayaga,Gabriela Mistral
National poet,Gabriela Mistral
Olga Tokarczuk,Gabriela Mistral
Cora Coralina,Gabriela Mistral
1922 in poetry,Gabriela Mistral
María Dolores Pérez Enciso,Gabriela Mistral
Diamela Eltit,Gabriela Mistral
Spanish-language literature,Gabriela Mistral
"List of gay, lesbian or bisexual people: M",Gabriela Mistral
"La Vega, Dominican Republic",Gabriela Mistral
Annie Ernaux,Gabriela Mistral
Eduardo Bähr,Gabriela Mistral
Mistral,Gabriela Mistral
Sonetos de la Muerte,Gabriela Mistral
Mariano Brull,Gabriela Mistral
Virginia Brindis de Salas,Gabriela Mistral
Rhina Espaillat,Gabriela Mistral
List of Latin American writers,Gabriela Mistral
Timeline of Chilean history,Gabriela Mistral
Artemisa,Gabriela Mistral
Latin American poetry,Gabriela Mistral
Bob Dylan,Gabriela Mistral
Latin American literature,Gabriela Mistral
Template:Nobel Prize in Literature,Gabriela Mistral
Rabindranath Tagore,Gabriela Mistral
Volodia Teitelboim,Gabriela Mistral
History of the Spanish language,Gabriela Mistral
El Niño (opera),Gabriela Mistral
Carlos Pezoa Véliz,Gabriela Mistral
List of Latin Americans,Gabriela Mistral
1924 in poetry,Gabriela Mistral
1992 in poetry,Gabriela Mistral
Culture of Latin America,Gabriela Mistral
1957 in poetry,Gabriela Mistral
Alameda (Santiago),Gabriela Mistral
1952 in poetry,Gabriela Mistral
1914 in poetry,Gabriela Mistral
Ilan Stavans,Gabriela Mistral
Camargo Guarnieri,Gabriela Mistral
Luisa Moreno,Gabriela Mistral
Arts by region,Gabriela Mistral
Herta Müller,Gabriela Mistral
Wikipedia:WikiProject Latino and Hispanic heritage,Gabriela Mistral
Walter Lowenfels,Gabriela Mistral
Women writers,Gabriela Mistral
Patrick Modiano,Gabriela Mistral
Carilda Oliver Labra,Gabriela Mistral
List of Chile-related topics,Gabriela Mistral
List of Barnard College people,Gabriela Mistral
Frédéric Mistral,Gabriela Mistral
Roger Martin du Gard,Gabriela Mistral
Pablo Neruda,Gabriela Mistral
Chilean Americans,Gabriela Mistral
Jorge Carrera Andrade,Gabriela Mistral
1958 in poetry,Gabriela Mistral
1960 in poetry,Gabriela Mistral
1965 in poetry,Gabriela Mistral
1967 in poetry,Gabriela Mistral
1941 in poetry,Gabriela Mistral
1938 in poetry,Gabriela Mistral
1917 in poetry,Gabriela Mistral
Svetlana Alexievich,Gabriela Mistral
Academia Chilena de la Lengua,Gabriela Mistral
Assassination of Orlando Letelier,Gabriela Mistral
List of pisco brands,Gabriela Mistral
Dark-sky preserve,Gabriela Mistral
Marta Brunet,Gabriela Mistral
Marta Colvin,Gabriela Mistral
List of pen names,Gabriela Mistral
Santiago Martínez Delgado,Gabriela Mistral
Salvatore Quasimodo,Gabriela Mistral
China Zorrilla,Gabriela Mistral
Wikipedia:WikiProject Spam/LinkSearch/Angelfire.com,Gabriela Mistral
List of alumni of the University of Chile,Gabriela Mistral
List of people on banknotes,Gabriela Mistral
Premio Gabriela Mistral,Gabriela Mistral
Anna Świrszczyńska,Gabriela Mistral
List of works by Harold Pinter,Gabriela Mistral
Portal:Biography/Selected anniversaries/April 7,Gabriela Mistral
Talk:Gabriela Mistral,Gabriela Mistral
User:Dsp13/Top WorldCat IDs/1251-1500,Gabriela Mistral
Wikipedia:WikiProject Chile/Article list,Gabriela Mistral
List of Mills College honorary degree recipients,Gabriela Mistral
List of Nobel laureates in Literature,Gabriela Mistral
Nazik Al-Malaika,Gabriela Mistral
User talk:Fram,Gabriela Mistral
User:Dominic/Workshop/Archivo Nacional de Chile,Gabriela Mistral
Lorenzo Domínguez,Gabriela Mistral
List of Vassar College people,Gabriela Mistral
Characteristics of Harold Pinter's work,Gabriela Mistral
Presidential Republic (1925–1973),Gabriela Mistral
List of awards and honours received by Harold Pinter,Gabriela Mistral
Popular Front (Chile),Gabriela Mistral
Radical Governments of Chile,Gabriela Mistral
User talk:BuckoBu,Gabriela Mistral
Harold Pinter and academia,Gabriela Mistral
Che Guevara,Gabriela Mistral
Andrés Iduarte,Gabriela Mistral
Gladys Triana,Gabriela Mistral
Abdulrazak Gurnah,Gabriela Mistral
SIGNIS,Gabriela Mistral
Osvaldo Reyes,Gabriela Mistral
Portal:Chile,Gabriela Mistral
Marina Núñez del Prado,Gabriela Mistral
Template talk:Navbox periodic table,Gabriela Mistral
National Prize for Literature (Chile),Gabriela Mistral
User:Ajacques1951/ToDo,Gabriela Mistral
User talk:Jeanenawhitney/sandbox/writers,Gabriela Mistral
Lucila de María del Perpetuo Socorro Godoy Alcayaga,Gabriela Mistral
Lucila de Maria del Perpetuo Socorro Godoy Alcayaga,Gabriela Mistral
Women in Chile,Gabriela Mistral
Malek Jandali,Gabriela Mistral
Marjorie Agosín,Gabriela Mistral
Fernando González (writer),Gabriela Mistral
Jorge Marchant Lazcano,Gabriela Mistral
Floral Games,Gabriela Mistral
Willis Barnstone,Gabriela Mistral
Luis Franco (writer),Gabriela Mistral
Portal:Schools/Selected biography,Gabriela Mistral
User talk:168.11.166.32,Gabriela Mistral
Hacienda del Lencero,Gabriela Mistral
User:Sephiroth BCR/List of female Nobel laureates,Gabriela Mistral
User:Sephiroth BCR/List of Nobel laureates in Literature,Gabriela Mistral
Portal:Schools/Selected biography/14,Gabriela Mistral
Index of Chile-related articles,Gabriela Mistral
User:NYScholar/Sandbox,Gabriela Mistral
Gabriella Mistral,Gabriela Mistral
Jorge Gallardo,Gabriela Mistral
User talk:Kupredu,Gabriela Mistral
Gabriela (given name),Gabriela Mistral
List of people with Basque ancestors,Gabriela Mistral
Chilean literature,Gabriela Mistral
María Luisa Garza,Gabriela Mistral
Fernando Santiván,Gabriela Mistral
Hernán Díaz Arrieta,Gabriela Mistral
Pablo de Rokha,Gabriela Mistral
Nobel Prize in Literature,Gabriela Mistral
Quinta Vergara,Gabriela Mistral
Günter Grass,Gabriela Mistral
Sri Aurobindo,Gabriela Mistral
User:Vedranf/LZMK-HOL/M5,Gabriela Mistral
20th-century lyric poetry,Gabriela Mistral
American literature in Spanish,Gabriela Mistral
Bodeguita del medio,Gabriela Mistral
Selma Lagerlöf,Gabriela Mistral
User talk:Moni3/Archive 14,Gabriela Mistral
User talk:66.193.131.53,Gabriela Mistral
Carlos Brandt,Gabriela Mistral
Erwin Walter Palm,Gabriela Mistral
Selva Lirica,Gabriela Mistral
Grandes Chilenos de Nuestra Historia,Gabriela Mistral
Wikipedia:Date formatting and linking poll/List of articles with year-only links (2),Gabriela Mistral
Talk:Lesbian/Archive 10,Gabriela Mistral
User:Ruodyssey/Sandbox2,Gabriela Mistral
Lucila De Maria Del Perpetuo Socorro,Gabriela Mistral
Ursula K. Le Guin bibliography,Gabriela Mistral
Gabriel García Márquez,Gabriela Mistral
Wikipedia:WikiProject Chile/Core topics,Gabriela Mistral
Camila Moreno,Gabriela Mistral
Han Kang,Gabriela Mistral
Gualliguaica rail accident,Gabriela Mistral
NGC 3324,Gabriela Mistral
Lucila De Maria Del Perpetuo Socorro Godoy,Gabriela Mistral
List of 20th-century writers,Gabriela Mistral
V. S. Naipaul,Gabriela Mistral
Wikipedia:0.8/Index/M5,Gabriela Mistral
Carmen Conde,Gabriela Mistral
Lucila De María Del Perpetuo Socorro Godoy Alcayaga,Gabriela Mistral
Lucila De Maria Del Perpetuo Socorro Godoy Alcayaga,Gabriela Mistral
User:The Transhumanist/Sandbox100,Gabriela Mistral
Gabriel Mistral,Gabriela Mistral
User:Pigduck/sandbox,Gabriela Mistral
User:GcSwRhIc/Peeps,Gabriela Mistral
Wikipedia:WikiProject Education/Popular pages,Gabriela Mistral
Talk:NGC 3324,Gabriela Mistral
User talk:Kaloshnikov1998,Gabriela Mistral
Luis S. Fraticelli,Gabriela Mistral
User talk:Jaluj,Gabriela Mistral
Atlántida (magazine),Gabriela Mistral
User talk:Jfmantis,Gabriela Mistral
Mistral (pisco),Gabriela Mistral
Popescu Prize,Gabriela Mistral
User:Alissahart/Sandbox,Gabriela Mistral
Lucilla Godoy Alcayaga,Gabriela Mistral
Lucila Godoy y Alcayaga,Gabriela Mistral
Luis Alberto Acuña Gatillon,Gabriela Mistral
List of women in the Heritage Floor,Gabriela Mistral
Jorge Hübner,Gabriela Mistral
Lenka Franulic,Gabriela Mistral
User:Emijrp/Encarta/Writers,Gabriela Mistral
User:Tamas Szabo/Books/NobelLiterEngl,Gabriela Mistral
Wikipedia:WikiCup/Suggestions/Biographies (not living),Gabriela Mistral
User talk:24.248.167.226,Gabriela Mistral
Luis Alberto Ambroggio,Gabriela Mistral
The Graphic Canon,Gabriela Mistral
Centro Cultural Gabriela Mistral,Gabriela Mistral
António Correia de Oliveira,Gabriela Mistral
Mistral (crater),Gabriela Mistral
Lucila Godoy de Alcayaga,Gabriela Mistral
Jacobo Ficher,Gabriela Mistral
User talk:Pedro69914,Gabriela Mistral
Camila Quiroga,Gabriela Mistral
Wikipedia:GLAM/World Digital Library/Outcomes/Todo/LACAR,Gabriela Mistral
Gabriella Gutiérrez y Muhs,Gabriela Mistral
Lucila De María Del Perpetuo Socorro Godoy,Gabriela Mistral
Coast of Poets,Gabriela Mistral
Marilyn Bobes,Gabriela Mistral
Lucila Godey Alcaya,Gabriela Mistral
User:Timathom/Lydia Cabrera,Gabriela Mistral
Wikipedia:Stanford Archive answers/Poems,Gabriela Mistral
Four greats of Chilean poetry,Gabriela Mistral
User:SucreRouge/Books/Nobel Prize Laureates,Gabriela Mistral
User talk:Maluenda.2,Gabriela Mistral
Poet-diplomat,Gabriela Mistral
Portal:Hispanic and Latino Americans/Selected Individual/Archive,Gabriela Mistral
9 Dead Alive,Gabriela Mistral
Ana María Martínez Sagi,Gabriela Mistral
Wikipedia:WikiProject Latino and Hispanic heritage/Recognized content,Gabriela Mistral
User:Yasircc/Books/ycr,Gabriela Mistral
Suman Pokhrel,Gabriela Mistral
User:Sesamehoneytart/StanfordArchiveLeft,Gabriela Mistral
1889 in Chile,Gabriela Mistral
List of Christian Nobel laureates,Gabriela Mistral
Anarchism in Venezuela,Gabriela Mistral
Portal:Hispanic and Latino Americans/Selected Individual/37,Gabriela Mistral
The Amazing Race Canada 3,Gabriela Mistral
Institución Libre de Enseñanza,Gabriela Mistral
Margarita Abella Caprile,Gabriela Mistral
Berta Singerman,Gabriela Mistral
Igor Kaczurowskyj,Gabriela Mistral
1945 in Chile,Gabriela Mistral
1957 in Chile,Gabriela Mistral
Esther de Cáceres,Gabriela Mistral
List of Chilean women writers,Gabriela Mistral
December 1945,Gabriela Mistral
Feminism in Latin America,Gabriela Mistral
Angelina Acuña,Gabriela Mistral
Mariá Álvarez Rios,Gabriela Mistral
Magdalena Spínola,Gabriela Mistral
Miguel Ángel Asturias,Gabriela Mistral
User:Cato censor,Gabriela Mistral
User:Jobas/List of Christian Nobel laureates,Gabriela Mistral
User:Barrebie/Esther Neira de Calvo,Gabriela Mistral
List of Latin American Nobel laureates,Gabriela Mistral
Andrea Thome,Gabriela Mistral
User:Iseult/Quotations,Gabriela Mistral
Mercedes Carvajal de Arocha,Gabriela Mistral
LGBTQ people in Chile,Gabriela Mistral
Rita Kuczynski,Gabriela Mistral
Wikipedia:Wiki Ed/Brigham Young University/Spanish 339 (Fall 2016),Gabriela Mistral
Aline Pettersson,Gabriela Mistral
User:Acer/Simple2,Gabriela Mistral
Serafina Núñez,Gabriela Mistral
Kaveh Akbar,Gabriela Mistral
Natalia Aszkenazy,Gabriela Mistral
User talk:199.127.132.170,Gabriela Mistral
User:Jane023/Top women born before 1900,Gabriela Mistral
Wikipedia talk:WikiProject Women in Red/Archive 27,Gabriela Mistral
Alberto Nin Frías,Gabriela Mistral
Bibliography of André Gide,Gabriela Mistral
María Monvel,Gabriela Mistral
Alice Lardé de Venturino,Gabriela Mistral
Alejandra Costamagna,Gabriela Mistral
Alicia Morel,Gabriela Mistral
List of Occitans,Gabriela Mistral
Doris Dana,Gabriela Mistral
Pablo Jofré,Gabriela Mistral
Claudia Celedón,Gabriela Mistral
Wikipedia:Vital articles/Level/5/People/Writers and journalists,Gabriela Mistral
Rafaela Chacón Nardi,Gabriela Mistral
Jorge Baradit,Gabriela Mistral
John Gallas,Gabriela Mistral
Tina Escaja,Gabriela Mistral
Marcos Chamúdez,Gabriela Mistral
User:GuzzyG/Sandbox 11,Gabriela Mistral
User:Onetwothreeip/List of Nobel laureates by university affiliation,Gabriela Mistral
"Wikipedia:Wiki Ed/University of North Carolina, Greensboro/Latin American Lit 405 (Fall 2018)",Gabriela Mistral
User talk:Julissa9901,Gabriela Mistral
User talk:Valex 2502,Gabriela Mistral
Wikipedia:WikiProject University of Virginia/Women Writers October 2018/Listeria,Gabriela Mistral
Wikipedia:Meetup/DC/Celebrating Influential Latinas: A Library of Congress Wikipedia Edit-a-thon,Gabriela Mistral
User:Saraiediting/Sandbox Feminism in Latin America Edits,Gabriela Mistral
HaMerotz LaMillion 8,Gabriela Mistral
User:Y-S.Ko/Wikipedia course/Literature,Gabriela Mistral
Wikipedia:Vital articles/List of all articles,Gabriela Mistral
User:Paulvoltairewiki/sandbox,Gabriela Mistral
User talk:Misshi lol,Gabriela Mistral
User:SethAllen623/Vital articles/Level/4/People/Writers and journalists,Gabriela Mistral
User:SethAllen623/Vital articles/Level/5/Writers and journalists,Gabriela Mistral
User:ArredondoC-alejandro/sandbox,Gabriela Mistral
Template:1945 Nobel Prize winners,Gabriela Mistral
List of Nobel laureates affiliated with Columbia University as alumni or faculty,Gabriela Mistral
List of nominees for the Nobel Prize in Literature,Gabriela Mistral
Canto y guitarra,Gabriela Mistral
List of female nominees for the Nobel Prize,Gabriela Mistral
List of women writers (M–Z),Gabriela Mistral
Solange Lackington,Gabriela Mistral
Ximena Rivas,Gabriela Mistral
Wikipedia:WikiProject Poetry/Popular pages,Gabriela Mistral
Casa Central de la Universidad de Chile,Gabriela Mistral
User:Innisfree987/Dictionary of Women Worldwide blue links (occupations A to D),Gabriela Mistral
User:Geld ahora/sandbox,Gabriela Mistral
User talk:207.248.194.161,Gabriela Mistral
User:Innisfree987/Dictionary of Women Worldwide blue links (occupations N to R),Gabriela Mistral
User:Innisfree987/Dictionary of Women Worldwide blue links (occupations S to Z),Gabriela Mistral
Francese Litchfield Turnbull,Gabriela Mistral
2016 Nobel Prize in Literature,Gabriela Mistral
2019 Nobel Prize in Literature,Gabriela Mistral
1962 Nobel Prize in Literature,Gabriela Mistral
1969 Nobel Prize in Literature,Gabriela Mistral
1901 Nobel Prize in Literature,Gabriela Mistral
1964 Nobel Prize in Literature,Gabriela Mistral
2010 Nobel Prize in Literature,Gabriela Mistral
2018 Nobel Prize in Literature,Gabriela Mistral
1954 Nobel Prize in Literature,Gabriela Mistral
1948 Nobel Prize in Literature,Gabriela Mistral
1982 Nobel Prize in Literature,Gabriela Mistral
1957 Nobel Prize in Literature,Gabriela Mistral
1949 Nobel Prize in Literature,Gabriela Mistral
2017 Nobel Prize in Literature,Gabriela Mistral
Yolanda Carenzo,Gabriela Mistral
Marina Latorre,Gabriela Mistral
Wikipedia:Vital people/List of all articles,Gabriela Mistral
User:Zelkia1101/Vital people/Writers and journalists,Gabriela Mistral
Wikipedia:WikiProject Biography/Vital articles 5,Gabriela Mistral
Carlota Garrido de la Peña,Gabriela Mistral
Talk:2021/Archive 2,Gabriela Mistral
Amelia Agostini de Del Río,Gabriela Mistral
List of organisms named after famous people (born 1800–1899),Gabriela Mistral
1966 Nobel Prize in Literature,Gabriela Mistral
2006 Nobel Prize in Literature,Gabriela Mistral
Carmen Gloria Valladares,Gabriela Mistral
2008 in public domain,Gabriela Mistral
Cecilia Domeyko,Gabriela Mistral
Sylvia Soublette,Gabriela Mistral
User:Dentren/sandbox5,Gabriela Mistral
User talk:66.50.85.189,Gabriela Mistral
User:KConWiki/Speaking While Female,Gabriela Mistral
José Baroja,Gabriela Mistral
2020 Nobel Prize in Literature,Gabriela Mistral
2022 Nobel Prize in Literature,Gabriela Mistral
2021 Nobel Prize in Literature,Gabriela Mistral
1902 Nobel Prize in Literature,Gabriela Mistral
1903 Nobel Prize in Literature,Gabriela Mistral
1971 Nobel Prize in Literature,Gabriela Mistral
1904 Nobel Prize in Literature,Gabriela Mistral
1938 Nobel Prize in Literature,Gabriela Mistral
1956 Nobel Prize in Literature,Gabriela Mistral
1905 Nobel Prize in Literature,Gabriela Mistral
1908 Nobel Prize in Literature,Gabriela Mistral
1970 Nobel Prize in Literature,Gabriela Mistral
2015 Nobel Prize in Literature,Gabriela Mistral
1916 Nobel Prize in Literature,Gabriela Mistral
1909 Nobel Prize in Literature,Gabriela Mistral
1972 Nobel Prize in Literature,Gabriela Mistral
1931 Nobel Prize in Literature,Gabriela Mistral
1914 Nobel Prize in Literature,Gabriela Mistral
1918 Nobel Prize in Literature,Gabriela Mistral
2014 Nobel Prize in Literature,Gabriela Mistral
2012 Nobel Prize in Literature,Gabriela Mistral
2011 Nobel Prize in Literature,Gabriela Mistral
2009 Nobel Prize in Literature,Gabriela Mistral
2008 Nobel Prize in Literature,Gabriela Mistral
2007 Nobel Prize in Literature,Gabriela Mistral
2013 Nobel Prize in Literature,Gabriela Mistral
2005 Nobel Prize in Literature,Gabriela Mistral
2004 Nobel Prize in Literature,Gabriela Mistral
1996 Nobel Prize in Literature,Gabriela Mistral
1993 Nobel Prize in Literature,Gabriela Mistral
1997 Nobel Prize in Literature,Gabriela Mistral
1998 Nobel Prize in Literature,Gabriela Mistral
2003 Nobel Prize in Literature,Gabriela Mistral
1995 Nobel Prize in Literature,Gabriela Mistral
Aurora Estrada y Ayala,Gabriela Mistral
1994 Nobel Prize in Literature,Gabriela Mistral
1992 Nobel Prize in Literature,Gabriela Mistral
1991 Nobel Prize in Literature,Gabriela Mistral
1999 Nobel Prize in Literature,Gabriela Mistral
2000 Nobel Prize in Literature,Gabriela Mistral
2001 Nobel Prize in Literature,Gabriela Mistral
2002 Nobel Prize in Literature,Gabriela Mistral
1990 Nobel Prize in Literature,Gabriela Mistral
1974 Nobel Prize in Literature,Gabriela Mistral
1950 Nobel Prize in Literature,Gabriela Mistral
1986 Nobel Prize in Literature,Gabriela Mistral
1953 Nobel Prize in Literature,Gabriela Mistral
1906 Nobel Prize in Literature,Gabriela Mistral
1907 Nobel Prize in Literature,Gabriela Mistral
1910 Nobel Prize in Literature,Gabriela Mistral
1911 Nobel Prize in Literature,Gabriela Mistral
1912 Nobel Prize in Literature,Gabriela Mistral
1913 Nobel Prize in Literature,Gabriela Mistral
1973 Nobel Prize in Literature,Gabriela Mistral
Columbia University Bicentennial,Gabriela Mistral
1951 Nobel Prize in Literature,Gabriela Mistral
1940 Nobel Prize in Literature,Gabriela Mistral
1941 Nobel Prize in Literature,Gabriela Mistral
1942 Nobel Prize in Literature,Gabriela Mistral
1943 Nobel Prize in Literature,Gabriela Mistral
1939 Nobel Prize in Literature,Gabriela Mistral
1952 Nobel Prize in Literature,Gabriela Mistral
1955 Nobel Prize in Literature,Gabriela Mistral
1968 Nobel Prize in Literature,Gabriela Mistral
1967 Nobel Prize in Literature,Gabriela Mistral
1989 Nobel Prize in Literature,Gabriela Mistral
1988 Nobel Prize in Literature,Gabriela Mistral
1987 Nobel Prize in Literature,Gabriela Mistral
List of female nominators for the Nobel Prize,Gabriela Mistral
Amira de la Rosa,Gabriela Mistral
Martha Salotti,Gabriela Mistral
1983 Nobel Prize in Literature,Gabriela Mistral
1984 Nobel Prize in Literature,Gabriela Mistral
1985 Nobel Prize in Literature,Gabriela Mistral
1965 Nobel Prize in Literature,Gabriela Mistral
1915 Nobel Prize in Literature,Gabriela Mistral
1917 Nobel Prize in Literature,Gabriela Mistral
1963 Nobel Prize in Literature,Gabriela Mistral
2023 Nobel Prize in Literature,Gabriela Mistral
Concha Zardoya,Gabriela Mistral
Wikipedia:Picture of the day/August 2024,Gabriela Mistral
1975 Nobel Prize in Literature,Gabriela Mistral
1976 Nobel Prize in Literature,Gabriela Mistral
1928 Nobel Prize in Literature,Gabriela Mistral
1930 Nobel Prize in Literature,Gabriela Mistral
1977 Nobel Prize in Literature,Gabriela Mistral
1929 Nobel Prize in Literature,Gabriela Mistral
1978 Nobel Prize in Literature,Gabriela Mistral
1981 Nobel Prize in Literature,Gabriela Mistral
1980 Nobel Prize in Literature,Gabriela Mistral
1979 Nobel Prize in Literature,Gabriela Mistral
1945 Nobel Prize in Literature,Gabriela Mistral
User:ErickPT007602693/sandbox,Gabriela Mistral
1944 Nobel Prize in Literature,Gabriela Mistral
1946 Nobel Prize in Literature,Gabriela Mistral
1947 Nobel Prize in Literature,Gabriela Mistral
1937 Nobel Prize in Literature,Gabriela Mistral
1936 Nobel Prize in Literature,Gabriela Mistral
Os renovadores,Gabriela Mistral
List of Brazilian Nobel laureates and nominees,Gabriela Mistral
Elena Landázuri,Gabriela Mistral
User:PamD/NYPL 365,Gabriela Mistral
User:PamD/NYPL 365 red-linked books,Gabriela Mistral
1961 Nobel Prize in Literature,Gabriela Mistral
1935 Nobel Prize in Literature,Gabriela Mistral
1919 Nobel Prize in Literature,Gabriela Mistral
1920 Nobel Prize in Literature,Gabriela Mistral
1927 Nobel Prize in Literature,Gabriela Mistral
User talk:2600:1702:AF0:3AC0:F82E:427:BEE5:7ED4,Gabriela Mistral
Sociedad Gabriela Mistral,Gabriela Mistral
Iris Sanguesa,Gabriela Mistral
List of Mexican Nobel laureates and nominees,Gabriela Mistral
Talk:Latin American literature/Archive 1,Gabriela Mistral
1932 Nobel Prize in Literature,Gabriela Mistral
Raquel Olea,Gabriela Mistral
1923 Nobel Prize in Literature,Gabriela Mistral
1924 Nobel Prize in Literature,Gabriela Mistral
2024 Nobel Prize in Literature,Gabriela Mistral
1925 Nobel Prize in Literature,Gabriela Mistral
1926 Nobel Prize in Literature,Gabriela Mistral
1922 Nobel Prize in Literature,Gabriela Mistral
1921 Nobel Prize in Literature,Gabriela Mistral
1933 Nobel Prize in Literature,Gabriela Mistral
1934 Nobel Prize in Literature,Gabriela Mistral
1958 Nobel Prize in Literature,Gabriela Mistral
1959 Nobel Prize in Literature,Gabriela Mistral
1960 Nobel Prize in Literature,Gabriela Mistral
Ernesto Durán Castro,Gabriela Mistral
User:ԱշոտՏՆՂ/test,Gabriela Mistral
Library of World Literature,Gabriela Mistral
Sapphic Circle of Madrid,Gabriela Mistral
Wikipedia:Articles for deletion/Log/2024 August 13,Gabriela Mistral
Template:POTD/2024-08-17,Gabriela Mistral
Wikipedia:Articles for deletion/Anjalika Wijesinghe,Gabriela Mistral
Wikipedia:Main Page history/2024 August 17,Gabriela Mistral
Wikipedia:Main Page history/2024 August 17b,Gabriela Mistral
User:Fowler&fowler/V. S. Naipaul,Gabriela Mistral
Hortensia Lamar,Gabriela Mistral
Wikipedia:Wiki Ed/Florida State University/Women in Western Culture - Images and Realities (Spring 2025),Gabriela Mistral
Wikipedia:WikiProject Awards/Literary awards list,Gabriela Mistral
User:Sofia2028/Choose an Article,Gabriela Mistral
Editorial Nascimento,Gabriela Mistral
René Peri Fagerström,Gabriela Mistral
2025 Nobel Prize in Literature,Gabriela Mistral
User:SafariScribe/sandbox,Gabriela Mistral
Wikipedia:WikiProject Women/Vital articles,Gabriela Mistral
Emma Godoy,Gabriela Mistral
Gabriela Mistral mine,Gabriela Mistral
